"","treatment","temp_mean","temp_SD","humidity_mean","humidity_SD","e_s_kPa","VPD_kPa"
"1","cold",13.6672972972973,2.14682442360444,9.43189189189189,10.5233391130291,1.56320282792617,1.41576322714517
"2","control",24.3681081081081,0.499580844242412,32.9489189189189,6.96839339577517,3.0486214183387,2.04413361906548
"3","hot",37.2539285714286,2.02854665647009,10.7879017857143,7.15707562152267,6.36518572005509,5.67851573609724
